filename,category
fd663cf2b6e1d7b02938c6aaae0a32d2.jpg,20
c7fd77508a8c355eaab0d4e10efd6b15.jpg,27
127f3e6d6e3491b2459812353f33a913.jpg,4
5ca4f2da11eda083064e6c36f37eeb81.jpg,22
46d681a542f2c71be017eef6aae23313.jpg,12
f27ffaf1ab259a0efe2c59611de6732b.jpg,40
5eb8d9688d86ec7277f10fc18f386913.jpg,4
2ff578b587ec0c086ded573a3a9a9e3a.jpg,38
936b60783f4f3d3f2b718cc28a1cd629.jpg,33
2ac0233cc59040fd847f0cd9528772cc.jpg,34
d48b0ac145ec13a81669def33f258061.jpg,15
1f03c37a55fff626aaf1406667d7911d.jpg,14
17bedab0c56ada8c0f7ea95245c298c1.jpg,13
166c016926a72117761e704b563572c8.jpg,29
f1ec208cd5fa338c91dcf464cd9105ae.jpg,5
a773cea13ac11199c01fb675269bc757.jpg,29
f10ba2bc802dea0cee8ddb23dca34eda.jpg,29
a74dbd301050df8f4aa4eb65e0082ecf.jpg,24
fb3bde81ad4679cb6c42f186952ea503.jpg,32
eb1f0c90a1d11b5f0eb19e9f9f64120c.jpg,37
8149a8a19f2fed05ce3ac20e5b7cbab0.jpg,6
b1d52080b31a4bb53c57dbd2f589e7b6.jpg,15
5baf51b680a34e7d196aa808157c9821.jpg,1
fa3ded58d228a858cd7d683612a3edbc.jpg,4
e7df1bff8ac065d31ef8bb052040c63a.jpg,1
7c91040f0a008686acfe0a3bcd42c15f.jpg,8
901013ea230eba66e88f8997f2f761d2.jpg,10
2e9521b6c76dd1d7bebbeb8a2d84cacc.jpg,38
9d82df0cb92170f6c46b43f7cad0564c.jpg,12
fe3f9a1078eb4f2e2fe6fa5f8440e329.jpg,37
7278b6f887a9316b2471d666fd8a4308.jpg,27
4272d96854a8d93e2e59dd80eb7b131c.jpg,37
ab96c2003bdb8849ffc0efe942a26ad1.jpg,40
26ef13b0da02bfa1ba211ee523b3fdbd.jpg,8
db4c464eca3b5c1774061cc0bfcf058d.jpg,24
8350242eeb6a2d7a4bf683b3e69b33ec.jpg,38
e14dd08704cdac8e5570053851dfde83.jpg,13
350057ad9d87a2ecb6df477d1c9819a7.jpg,41
df4fdcf28ddcdd57ec9c0dc6c7caf0df.jpg,17
47a73dccf5a2616aeb6a11662bf36c9a.jpg,10
f9517b784ca38cfd9e4686772c2ef4e5.jpg,25
90a1510a4a7ea90bf6c27640a4960baf.jpg,7
ccb472631a86ea13eaa8c8adbb2719bf.jpg,15
7fb938156d7710a84bcca2958ff41844.jpg,17
9114c8ac7cce397b6408f303648d7b98.jpg,37
7812007fc17ea0853586d5e531fb00dd.jpg,9
2f14977b426c9b18f7618f88ed351c55.jpg,11
fa4724ae75177c1b9fd1ac0a2e036d75.jpg,21
f85f6f078ece38c738e8b1e5b595cbac.jpg,28
34e891c922365b562378112ab8b98405.jpg,41
6364bf2c610fb01474340902904cdc6e.jpg,29
731e8f000d1cd1b846221b2bd160838b.jpg,13
f9a2be0a46a75996705f0790053b9fdd.jpg,14
dfc074f04fd3b6f735c6f834ffc0d920.jpg,29
eeb64450d3f3105366ed136c258b662a.jpg,9
616bd96b27d38b4d4e4008f5ca9dca73.jpg,4
7ac007de957458736480481ca0f0bd47.jpg,41
7fbe6dd0725f45bb33ff69c2e2a5b3f9.jpg,41
cc4e3eb42f8487070d22ed95fe51c40c.jpg,39
0fa1f9869ae3d332067487c2dd13ee6a.jpg,0
4ebc3d3cd324590e241c42e4fce2be30.jpg,21
492ad55420723910bc0b590e9d8a90dc.jpg,29
90b67c140b43162bbddd2d9cb02ce235.jpg,35
aafafdd5aebaad58bd0fa8ead83ea540.jpg,15
3ab7e0d3c73921baef141daa0b5cd0e1.jpg,41
8b2606e2098058c9a5bbbaa3d4555dc6.jpg,12
68f81aac41ab34dc20d1c7c8de24a94b.jpg,35
979d7adb81cea8914ac1187d65a784dd.jpg,36
18889bc9e9b29b33a28f57873d6ebfb1.jpg,12
7b57e48f9131391ad54ce5498d4c4be6.jpg,39
1068e7792183bd8e8de587e138721db8.jpg,33
af4f405e7007268052420bb838b20c86.jpg,34
e411fb6247cc16b862cba20c1de20a55.jpg,26
a8d3a34d01fbdf6d37ca10b13f86f04e.jpg,24
4047aaf09086e1043cb0f692da2e0eef.jpg,28
53e15478e6276a3900854372f4a0d60a.jpg,34
b0d4ab50e7b37235ae7f10bf7c889706.jpg,16
729500490e491f4f63ceafd02ab510d6.jpg,22
2dac646cff0eb4173454cc6875ce3c5a.jpg,4
3ae713818ab9a4a5443218f8e8750a07.jpg,10
b8bf849f89d1bb4a93d840ca407bdc81.jpg,37
49d5142e10cec75258749e7effbb91a1.jpg,39
3856c0eda5f633597d2b622de757aeb2.jpg,6
ea3fe7fda4102103aff65c196af549ec.jpg,22
8e6323aa09d26e1dba121809f8efc10d.jpg,6
f1a7ca9cfebac7663b3aa5ea6985e75e.jpg,3
ff486364fb74fd1f19e625489e59945e.jpg,27
6464cbc875f82a6cb96ebb15ed12f8ab.jpg,27
b00ec65ae02183e69f16e5a46d9d7973.jpg,19
966c7b0a89fc4e77ae125fef69d53210.jpg,11
a94857dd8b180f616df231fad1953d0c.jpg,11
5f6da1149fd4109457d375d70a8def4c.jpg,40
0f76078f68b2d6ae47e86ae488b6de08.jpg,0
efa87ebef91f72c5069f0b8964b0b1d4.jpg,13
ee77767cd7ca6b65970ea7d147338df5.jpg,26
f2acbf68a75f1b75b45623cf5b7ed74c.jpg,14
a2aa32796b4003909903289b3a0fa98f.jpg,36
fd838f17e9c4930c92f7f4a2d94728a6.jpg,2
1e43d4ef0367af1e540a375ccada07f8.jpg,7
ec19abe27e32731125735dee166b56fa.jpg,18
65e04aeb8a47dfb6ddace83ac36eb066.jpg,35
b9de5c3a3e78173d6cdd305d3553190b.jpg,6
a009e6fa1a8812c40b5c8dc7ed6a8128.jpg,6
2a98bceaeb4850d4a34523e2dd5ee640.jpg,38
7f4df4026686fb1d8e77b84aeeded536.jpg,15
f649c05e777b52960a79a8072358de2c.jpg,7
8cb52e34964390af38d7fc188070a114.jpg,34
df721caf54de9eafce26617db2df3d4e.jpg,26
e8ee6e8459cd9c727173adddcc6b2a0c.jpg,18
6a9448311149543e3a4dba70e3ef16ae.jpg,31
4b68ef9daea6de6044c0c9f6c0248c73.jpg,30
473c96e4e021ff7e8d8e3c9b44681cf9.jpg,18
375f9c259098dc4957fff364258ac63f.jpg,23
d3f31acaf6f33858374d03988fd6aeb3.jpg,4
65755cc35fe505e003bb6a3497485206.jpg,12
ba2ec6ffa00e5d3bc900f8756052f09a.jpg,24
f708f5082ee5c4f672c337e42d047fcf.jpg,15
5a1531b757a47b5819c908a31312f524.jpg,39
0c6ebd53c05a906e119f4237e5ad1ec2.jpg,28
b7a0b16c7a18b468fc929b713e347fb2.jpg,26
bc94fcf270b0b75ba5af7dcdfc92133e.jpg,20
85c343ed3e99f6cc5117929f04a5dbc7.jpg,4
a5fbe0758cb56fa7ea9079d4f3531b8e.jpg,20
835de04e18d0eff0774584a555e42a2a.jpg,33
18c4ca3be31424861db802d7abfa1682.jpg,27
e063f69bafcc4386005cf9170fbafeb0.jpg,8
6e5f600753f78e06135525dd8a6e3963.jpg,29
6be926b0a1b39320d9b9ac971e4d83ca.jpg,0
7a733d326624308a216a32ccbfbd3f6d.jpg,5
c6da8a0a2109e30d994ca430ffb7209b.jpg,41
2980ec615bbc9fe9bfcf6e4c8f3c1434.jpg,32
36e66d0ed789bf951f209be85505efe2.jpg,33
6cda597d61cfe343afea4995672b9e0e.jpg,28
d6a75e743ce70a2aff29a54beabf78f6.jpg,33
81448554d6f90f4e4e8fac3b6b735d32.jpg,39
83c37b880017ca4d7015f954a7823074.jpg,26
9bd82ba9be80fd1a8d6f70277012dfb7.jpg,10
866f2c1e1d072a0680a8deae62662c77.jpg,9
c778e0048a77c10eea901d2e8dc6d5aa.jpg,32
8c6df772f1a99cc75b7de3f2398fe605.jpg,32
5b2df304f49be6f25f3617477fba841e.jpg,4
519f6d4fc498cd7d5e10a7076897c7f4.jpg,39
80ab1ab6f10663f59cebab972cb53991.jpg,11
e507c99fb6bdf951e4b271b24f998cff.jpg,7
a346dfebd54ca98df578cca8b42e6c78.jpg,30
d11ddfb2fa905f0fa3eac787eb56d0f7.jpg,7
3c940bba6e76efc750d62f4a67a6e39b.jpg,8
829526b63fe1262345c8f653f9168699.jpg,22
3176d7aaa5a6fad282a55efa738d0ecb.jpg,11
dc60eaaf67e93350eaeb763bf59c7703.jpg,12
61f488d1b71456bf84f203cac5488546.jpg,6
3d3e9dac75c10a4ffcbdadbc81bfc110.jpg,23
d367ad0d3c2d3d9c8f6ad7a35eacbc1c.jpg,17
0d0811d343d8c02eceb1a38822f04a35.jpg,5
ad4d24d43e0ab69d95250a4dde391aec.jpg,0
4ffa6df51d92c9f0415cc47ffc5f0c15.jpg,37
cfef920e3668df3d46fe08ab4f240826.jpg,34
4e8300e6b776ae11a4d0d57457d7edd0.jpg,41
0c669b0fdd15e117e06b9575dd738277.jpg,12
805f92f1ddbd068096384d595596ffb9.jpg,6
90b2bace4c4d5934d1a765612428ecc4.jpg,17
98a7d1e612f617b05046bc07a5c5f9f5.jpg,41
1288fd4d8bcb4711fa5428a63f81c237.jpg,1
ded181001033a84fcd674e65b43b2a62.jpg,34
7815371b8a7801952dbaa2ed11ace6c2.jpg,24
ec872b6a86564c94b39bb0412f6a71ea.jpg,31
e2ffd8af547459007642d30a694bbbf8.jpg,0
4c9ee0965aa2db1c5ae41a7802f47dda.jpg,40
54eb3f0c038e6e8a0ed56b7581d91bbc.jpg,25
c61cb0052677bec4a721c700f9e72f45.jpg,34
3aac2296170325d6a880836847ea2a24.jpg,31
d9be3db716fe72bb6609e3f8d9975f7c.jpg,31
522aafcea57a38c4afdf00e258cc4efc.jpg,1
b3a2bedb8888bc8a6200ba9d9140f83f.jpg,17
bc0a623de00ebbc7047c13febc2e2529.jpg,27
6a519c68ad3bfc412071545425502749.jpg,18
9596210181886d6636f4964bb20b5154.jpg,23
bbcc415c66a1ab1d2519b82497aee9d4.jpg,41
27ab318e9fdbecda6b5402e3391c9543.jpg,8
1e76650399f75f0eca0be0323402be85.jpg,33
a44ebd9ed4afa6c9efe86c4afd5b7692.jpg,39
8326d8eda77497b597ed4c624b91a7c7.jpg,12
4adf18db03d6a93598ecbc87e016c4c6.jpg,40
ab03deeadea9f91bc10f7d79762c79d9.jpg,33
6c2e48ed3f89b623ae68c77a393b4ce3.jpg,16
286d64c92d62b60ab8bbd05f9b74e982.jpg,10
28dfcda7dcf331f4c63aa5a628035e5f.jpg,4
9bfa1f5bfa2973c6fb21c02c568227a5.jpg,18
8c8e4ff7dbd9fda467258ffbc8640a12.jpg,0
a329ff84dedd01e06c02d053e9c93b50.jpg,25
